date,interested
12-12,62
13-02,126
13-05,211
13-06,210
13-07,241
13-08,677
13-09,18
13-09,120
13-11,77
13-12,4
14-01,66
14-02,214
14-02,116
14-03,346
14-03,13
14-03,2
14-04,43
14-04,255
14-05,131
14-06,141
14-07,2
14-07,53
14-07,50
14-07,81
14-08,94
14-08,74
14-09,18
14-09,113
14-10,141
14-11,160
14-11,49
14-11,233
15-01,3
15-02,167
15-03,163
15-03,41
15-03,57
15-03,71
15-04,25
15-04,41
15-04,51
15-04,176
15-04,36
15-04,54
15-05,65
15-05,22
15-05,44
15-05,16
15-06,21
15-06,91
15-06,8
15-06,46
15-06,118
15-06,4
15-06,13
15-06,8
15-06,47
15-07,23
15-07,3
15-07,2209
15-07,4
15-07,17
15-07,23
15-07,64
15-07,2
15-08,20
15-08,48
15-08,18
15-08,69
15-09,35
15-09,433
15-09,23
15-09,13
15-09,17
15-09,8
15-09,57
15-10,14
15-10,37
15-10,5
15-10,53
15-10,17
15-10,40
15-10,37
15-10,15
15-11,207
15-11,205
15-11,27
15-11,59
15-11,48
15-11,71
15-11,931
15-12,33
15-12,188
15-12,62
15-12,677
15-12,122
16-01,17
16-01,577
16-01,9
16-01,57
16-01,15
16-01,2246
16-01,26
16-01,28
16-01,18
16-01,1136
16-01,19
16-02,30
16-02,52
16-02,28
16-02,25
16-02,226
16-02,192
16-02,727
16-02,595
16-02,13
16-02,17
16-02,3005
16-02,98
16-02,53
16-02,1547
16-03,14
16-03,140
16-03,1293
16-03,8
16-03,143
16-03,483
16-03,84
16-03,1268
16-04,17
16-04,19
16-04,45
16-04,19
16-04,7
16-04,170
16-04,845
16-04,46
16-04,7
16-04,37
16-04,6
16-04,449
16-04,379
16-04,8
16-04,110
16-04,1045
16-04,1283
16-05,20
16-05,20
16-05,281
16-05,558
16-05,173
16-05,1106
16-05,28
16-05,25
16-05,32
16-05,1708
16-05,56
16-05,103
16-06,116
16-06,187
16-06,131
16-06,2606
16-06,28
16-06,1634
16-06,66
16-06,579
16-06,386
16-06,105
16-06,27
16-06,303
16-06,198
16-06,107
16-06,24
16-07,111
16-07,179
16-07,39
16-07,747
16-07,28
16-07,93
16-07,47
16-07,111
16-07,8
16-07,163
16-07,411
16-07,13
16-07,47
16-07,181
16-07,26
16-07,45
16-07,5001
16-07,74
16-07,11
16-07,17
16-07,244
16-07,162
16-07,21
16-07,22
16-07,65
16-07,127
16-07,134
16-07,14
16-07,122
16-07,225
16-07,38
16-07,21
16-07,913
16-07,23
16-07,35
16-07,136
16-07,21
16-07,495
16-07,91
16-07,24
16-07,278
16-07,474
16-07,61
16-07,16
16-08,25
16-08,76
16-08,45
16-08,105
16-08,319
16-08,652
16-08,20
16-08,51
16-08,56
16-08,1104
16-08,175
16-08,25
16-08,68
16-08,347
16-08,611
16-08,71
16-08,45
16-08,900
16-08,35
16-08,127
16-08,30
16-08,31
16-08,78
16-08,11
16-08,256
16-08,117
16-08,32
16-08,339
16-08,82
16-08,443
16-08,27
16-08,178
16-08,10
16-08,23
16-08,82
16-08,16
16-08,19
16-08,35
16-08,143
16-08,32
16-08,40
16-09,25
16-09,31
16-09,81
16-09,14
16-09,160
16-09,245
16-09,49
16-09,6
16-09,82
16-09,24
16-09,250
16-09,40
16-09,66
16-09,36
16-09,165
16-09,29
16-09,4
16-09,15
16-09,410
16-09,10
16-09,160
16-09,33
16-09,97
16-09,1380
16-09,11
16-09,24
16-09,18
16-09,226
16-09,75
16-09,149
16-09,17
16-09,776
16-09,139
16-09,45
16-09,7
16-09,247
16-09,26
16-09,142
16-09,26
16-09,27
16-09,63
16-09,15
16-09,46
16-09,5
16-09,1731
16-09,2
16-09,26
16-09,555
16-09,60
16-09,80
16-09,261
16-09,8
16-09,78
16-09,11
16-09,119
16-09,41
16-09,47
16-09,55
16-09,43
16-09,824
16-09,98
16-10,194
16-10,29
16-10,337
16-10,55
16-10,147
16-10,60
16-10,61
16-10,9
16-10,175
16-10,76
16-10,84
16-10,296
16-10,455
16-10,49
16-10,249
16-10,34
16-10,914
16-10,185
16-10,27
16-10,31
16-10,23
16-10,11
16-10,26
16-10,50
16-10,98
16-10,103
16-10,27
16-10,69
16-10,22
16-10,26
16-10,29
16-10,50
16-10,63
16-10,350
16-10,119
16-10,13
16-10,370
16-10,45
16-10,30
16-10,31
16-10,5001
16-10,89
16-10,936
16-10,100
16-10,329
16-10,45
16-10,1575
16-10,43
16-10,31
16-10,13
16-10,20
16-10,50
16-10,270
16-10,540
16-10,227
16-10,25
16-10,48
16-10,54
16-10,785
16-11,20
16-11,24
16-11,551
16-11,86
16-11,20
16-11,53
16-11,133
16-11,1571
16-11,38
16-11,65
16-11,141
16-11,158
16-11,16
16-11,26
16-11,27
16-11,194
16-11,17
16-11,30
16-11,43
16-11,137
16-11,24
16-11,58
16-11,29
16-11,338
16-11,43
16-11,16
16-11,274
16-11,61
16-11,40
16-11,977
16-11,1780
16-11,28
16-11,8
16-11,10
16-11,86
16-11,93
16-11,118
16-11,19
16-11,44
16-11,11
16-11,119
16-11,28
16-11,5
16-11,5001
16-11,341
16-11,5
16-11,165
16-11,18
16-11,42
16-11,46
16-11,17
16-11,46
16-11,81
16-11,140
16-11,147
16-11,30
16-11,68
16-11,18
16-12,110
16-12,14
16-12,34
16-12,49
16-12,63
16-12,71
16-12,945
16-12,30
16-12,107
16-12,178
16-12,23
16-12,34
16-12,13
16-12,28
16-12,324
16-12,35
16-12,49
16-12,60
16-12,130
16-12,31
16-12,337
16-12,7
16-12,135
16-12,16
16-12,267
16-12,91
16-12,1293
16-12,56
16-12,284
16-12,216
16-12,51
16-12,12
16-12,17
16-12,40
16-12,89
16-12,211
16-12,43
16-12,44
16-12,7
16-12,93
16-12,143
16-12,154
16-12,162
16-12,23
16-12,35
16-12,81
16-12,221
16-12,410
16-12,553
16-12,20
16-12,347
16-12,91
16-12,22
16-12,248
16-12,42
16-12,454
16-12,50
16-12,34
16-12,44
16-12,64
16-12,894
16-12,128
16-12,25
16-12,395
16-12,2
16-12,90
16-12,33
16-12,83
16-12,72
16-12,231
16-12,34
16-12,698
17-01,672
17-01,65
17-01,13
17-01,18
17-01,37
17-01,69
17-01,124
17-01,73
17-01,136
17-01,14
17-01,32
17-01,769
17-01,387
17-01,205
17-01,45
17-01,20
17-01,38
17-01,81
17-01,84
17-01,200
17-01,69
17-01,87
17-01,1435
17-01,71
17-01,78
17-01,9
17-01,2678
17-01,3087
17-01,332
17-01,52
17-01,12
17-01,2
17-01,2
17-01,30
17-01,54
17-01,85
17-01,120
17-01,29
17-01,423
17-01,728
17-01,74
17-01,153
17-01,1581
17-01,18
17-01,2744
17-01,49
17-01,1317
17-01,855
17-01,189
17-01,34
17-01,48
17-01,31
17-01,37
17-01,89
17-01,9
17-01,102
17-01,225
17-01,2733
17-01,116
17-01,35
17-01,48
17-01,582
17-01,649
17-01,82
17-01,235
17-02,34
17-02,101
17-02,17
17-02,21
17-02,34
17-02,38
17-02,3714
17-02,505
17-02,57
17-02,76
17-02,1110
17-02,14
17-02,26
17-02,272
17-02,513
17-02,834
17-02,96
17-02,29
17-02,497
17-02,598
17-02,124
17-02,104
17-02,31
17-02,29
17-02,371
17-02,8
17-02,93
17-02,133
17-02,20
17-02,25
17-02,25
17-02,433
17-02,11
17-02,15
17-02,1745
17-02,197
17-02,35
17-02,69
17-02,1418
17-02,314
17-02,501
17-02,107
17-02,164
17-02,25
17-02,466
17-02,61
17-02,25
17-02,33
17-02,143
17-02,18
17-02,318
17-02,102
17-02,118
17-02,1194
17-02,181
17-02,25
17-02,267
17-02,29
17-02,1145
17-02,601
17-02,88
17-02,797
17-02,52
17-02,18
17-02,83
17-02,23
17-02,98
17-02,438
17-02,77
17-02,25
17-03,45
17-03,18
17-03,3
17-03,1498
17-03,71
17-03,857
17-03,14
17-03,159
17-03,380
17-03,72
17-03,838
17-03,260
17-03,65
17-03,11
17-03,54
17-03,62
17-03,9
17-03,92
17-03,303
17-03,458
17-03,5001
17-03,69
17-03,19
17-03,235
17-03,38
17-03,79
17-03,200
17-03,39
17-03,54
17-03,11
17-03,233
17-03,43
17-03,86
17-03,1269
17-03,135
17-03,23
17-03,471
17-03,4983
17-03,77
17-03,108
17-03,11
17-03,1102
17-03,298
17-03,337
17-03,61
17-03,68
17-03,77
17-03,119
17-03,3083
17-03,799
17-03,36
17-03,12
17-03,33
17-03,55
17-03,70
17-03,36
17-03,450
17-03,60
17-03,128
17-03,166
17-03,19
17-03,190
17-03,683
17-03,85
17-03,90
17-03,103
17-03,126
17-03,16
17-03,90
17-03,12
17-03,268
17-03,30
17-03,103
17-03,52
17-04,1187
17-04,148
17-04,242
17-04,362
17-04,55
17-04,93
17-04,135
17-04,26
17-04,47
17-04,104
17-04,33
17-04,4112
17-04,47
17-04,101
17-04,129
17-04,165
17-04,17
17-04,2
17-04,206
17-04,243
17-04,76
17-04,94
17-04,116
17-04,74
17-04,190
17-04,170
17-04,70
17-04,104
17-04,16
17-04,20
17-04,31
17-04,388
17-04,68
17-04,105
17-04,116
17-04,18
17-04,17
17-04,198
17-04,60
17-04,82
17-04,88
17-04,74
17-04,95
17-04,189
17-04,2080
17-04,21
17-04,25
17-04,26
17-04,476
17-04,83
17-04,17
17-04,184
17-04,417
17-04,62
17-04,812
17-04,85
17-04,87
17-04,95
17-04,102
17-04,30
17-04,314
17-04,357
17-04,190
17-04,49
17-04,25
17-04,70
17-04,80
17-04,122
17-04,15
17-04,170
17-04,746
17-04,87
17-04,154
17-04,259
17-04,436
17-04,93
17-04,996
17-04,106
17-04,1342
17-04,1955
17-04,36
17-05,23
17-05,31
17-05,113
17-05,1707
17-05,23
17-05,241
17-05,148
17-05,162
17-05,1700
17-05,272
17-05,33
17-05,60
17-05,62
17-05,68
17-05,14
17-05,199
17-05,266
17-05,34
17-05,38
17-05,44
17-05,517
17-05,60
17-05,95
17-05,264
17-05,239
17-05,11
17-05,32
17-05,21
17-05,269
17-05,3997
17-05,6
17-05,12
17-05,35
17-05,5001
17-05,58
17-05,73
17-05,87
17-05,201
17-05,306
17-05,352
17-05,550
17-05,59
17-05,80
17-05,280
17-05,56
17-05,13
17-05,28
17-05,337
17-05,55
17-05,122
17-05,201
17-05,174
17-05,28
17-05,318
17-05,47
17-05,220
17-05,497
17-05,14
17-05,55
17-05,71
17-05,93
17-05,137
17-05,37
17-05,40
17-05,42
17-05,841
17-05,1374
17-05,143
17-05,2526
17-05,360
17-05,57
17-05,121
17-05,252
17-05,391
17-05,71
17-05,475
17-05,61
17-06,1053
17-06,147
17-06,33
17-06,1484
17-06,29
17-06,304
17-06,394
17-06,68
17-06,70
17-06,85
17-06,11
17-06,119
17-06,156
17-06,24
17-06,327
17-06,910
17-06,92
17-06,23
17-06,88
17-06,1969
17-06,31
17-06,55
17-06,81
17-06,1000
17-06,125
17-06,1251
17-06,170
17-06,2836
17-06,114
17-06,142
17-06,212
17-06,50
17-06,145
17-06,3268
17-06,568
17-06,256
17-06,100
17-06,238
17-06,277
17-06,354
17-06,739
17-06,71
17-06,107
17-06,111
17-06,137
17-06,67
17-06,83
17-06,116
17-06,135
17-06,143
17-06,26
17-06,441
17-06,165
17-06,45
17-06,200
17-06,26
17-06,417
17-06,110
17-06,179
17-06,578
17-06,58
17-06,121
17-06,164
17-06,292
17-06,337
17-06,540
17-06,55
17-06,1157
17-06,405
17-06,189
17-06,26
17-06,1224
17-06,31
17-06,362
17-06,43
17-06,434
17-06,99
17-06,1697
17-06,190
17-06,40
17-06,632
17-06,67
17-06,78
17-07,1001
17-07,109
17-07,208
17-07,235
17-07,238
17-07,45
17-07,707
17-07,76
17-07,78
17-07,129
17-07,95
17-07,145
17-07,36
17-07,59
17-07,90
17-07,99
17-07,1425
17-07,177
17-07,192
17-07,33
17-07,111
17-07,150
17-07,163
17-07,3172
17-07,39
17-07,402
17-07,75
17-07,86
17-07,104
17-07,110
17-07,149
17-07,159
17-07,169
17-07,194
17-07,203
17-07,251
17-07,31
17-07,50
17-07,42
17-07,77
17-07,251
17-07,46
17-07,287
17-07,359
17-07,130
17-07,47
17-07,72
17-07,172
17-07,261
17-07,28
17-07,33
17-07,76
17-07,82
17-07,83
17-07,129
17-07,206
17-07,32
17-07,51
17-07,69
17-07,751
17-07,14
17-07,172
17-07,190
17-07,485
17-07,50
17-07,57
17-07,580
17-07,62
17-07,821
17-07,873
17-07,144
17-07,3193
17-07,272
17-07,418
17-07,221
17-07,11
17-07,45
17-07,45
17-07,1226
17-07,248
17-07,27
17-07,38
17-07,54
17-07,56
17-07,81
17-07,91
17-07,196
17-07,260
17-07,5001
17-07,59
17-07,605
17-07,87
17-07,192
17-07,217
17-07,421
17-07,57
17-07,72
17-07,86
17-07,163
17-07,156
17-07,297
17-07,104
17-07,449
17-07,17
17-07,34
17-07,39
17-07,7
17-07,1165
17-07,123
17-07,249
17-07,45
17-07,84
17-07,85
17-07,105
17-07,115
17-07,143
17-07,174
17-07,31
17-07,54
17-07,727
17-07,89
17-07,131
17-07,142
17-07,168
17-07,170
17-07,23
17-07,248
17-07,272
17-07,292
17-07,49
17-07,62
17-07,74
17-07,901
17-07,167
17-07,543
17-07,233
17-07,72
17-08,65
17-08,18
17-08,71
17-08,174
17-08,19
17-08,63
17-08,735
17-08,101
17-08,124
17-08,169
17-08,276
17-08,48
17-08,49
17-08,509
17-08,94
17-08,137
17-08,191
17-08,200
17-08,227
17-08,493
17-08,67
17-08,72
17-08,74
17-08,128
17-08,260
17-08,410
17-08,16
17-08,41
17-08,77
17-08,123
17-08,142
17-08,26
17-08,34
17-08,41
17-08,210
17-08,247
17-08,255
17-08,28
17-08,3580
17-08,4048
17-08,582
17-08,152
17-08,224
17-08,38
17-08,39
17-08,41
17-08,61
17-08,682
17-08,723
17-08,92
17-08,2270
17-08,676
17-08,77
17-08,1137
17-08,277
17-08,3342
17-08,356
17-08,43
17-08,527
17-08,763
17-08,157
17-08,168
17-08,12
17-08,22
17-08,134
17-08,19
17-08,31
17-08,574
17-08,58
17-08,1616
17-08,169
17-08,237
17-08,25
17-08,2616
17-08,3842
17-08,665
17-08,67
17-08,82
17-08,115
17-08,142
17-08,191
17-08,2739
17-08,28
17-08,47
17-08,673
17-08,72
17-08,79
17-08,1673
17-08,40
17-08,141
17-08,21
17-08,22
17-08,25
17-08,124
17-08,168
17-08,22
17-08,34
17-08,44
17-08,755
17-08,9
17-08,13
17-08,1411
17-08,153
17-08,162
17-08,191
17-08,200
17-08,210
17-08,265
17-08,307
17-08,4387
17-08,56
17-08,683
17-08,990
17-08,105
17-08,112
17-08,192
17-08,221
17-08,310
17-08,346
17-08,386
17-08,42
17-08,663
17-08,90
17-08,422
17-08,2362
17-08,45
17-08,499
17-08,57
17-08,32
17-08,48
17-08,75
17-08,90
17-09,100
17-09,119
17-09,137
17-09,194
17-09,217
17-09,90
17-09,92
17-09,140
17-09,158
17-09,1772
17-09,2337
17-09,32
17-09,350
17-09,47
17-09,708
17-09,74
17-09,76
17-09,789
17-09,367
17-09,15
17-09,425
17-09,79
17-09,162
17-09,220
17-09,270
17-09,341
17-09,347
17-09,38
17-09,98
17-09,164
17-09,343
17-09,715
17-09,76
17-09,80
17-09,120
17-09,145
17-09,2122
17-09,285
17-09,29
17-09,33
17-09,337
17-09,384
17-09,39
17-09,1536
17-09,164
17-09,203
17-09,40
17-09,48
17-09,66
17-09,78
17-09,98
17-09,2622
17-09,92
17-09,14
17-09,29
17-09,60
17-09,62
17-09,127
17-09,176
17-09,24
17-09,26
17-09,30
17-09,6
17-09,91
17-09,96
17-09,103
17-09,1254
17-09,162
17-09,2328
17-09,27
17-09,331
17-09,458
17-09,474
17-09,79
17-09,876
17-09,123
17-09,160
17-09,25
17-09,254
17-09,290
17-09,429
17-09,5001
17-09,541
17-09,581
17-09,7
17-09,702
17-09,93
17-09,96
17-09,138
17-09,9
17-09,105
17-09,19
17-09,20
17-09,28
17-09,96
17-09,14
17-09,189
17-09,20
17-09,31
17-09,44
17-09,1819
17-09,21
17-09,311
17-09,377
17-09,38
17-09,573
17-09,573
17-09,64
17-09,71
17-09,73
17-09,104
17-09,14
17-09,141
17-09,55
17-09,732
17-09,12
17-09,5001
17-09,12
17-09,120
17-09,61
17-09,203
17-09,110
17-09,19
17-09,261
17-09,3037
17-09,68
17-09,69
17-09,93
17-10,2250
17-10,1605
17-10,49
17-10,5
17-10,537
17-10,49
17-10,5
17-10,169
17-10,490
17-10,10
17-10,5001
17-10,373
17-10,525
17-10,786
17-10,1804
17-11,197
17-11,293
17-11,318
17-11,5001
17-12,3324
17-12,2023
